insert into discipline(id, created_by, created_date, last_modified_by, last_modified_date,
                       short_disc_name, disc_name)
values (1, 'admin', CURRENT_TIMESTAMP(), 'admin', CURRENT_TIMESTAMP(), 'Психология', 'Психология деловых отношений'),
       (2, 'admin', CURRENT_TIMESTAMP(), 'admin', CURRENT_TIMESTAMP(), 'ОАиППО',
        'Основы алгоритмизации и проектирования программного обеспечения'),
       (3, 'admin', CURRENT_TIMESTAMP(), 'admin', CURRENT_TIMESTAMP(), 'Программирование', 'Программирование'),
       (4, 'admin', CURRENT_TIMESTAMP(), 'admin', CURRENT_TIMESTAMP(), 'ИТ', 'Интернет-технологии'),
       (5, 'admin', CURRENT_TIMESTAMP(), 'admin', CURRENT_TIMESTAMP(), 'ИСТЭУ',
        'Информационные системы и технологии в экономике и управлении'),
       (6, 'admin', CURRENT_TIMESTAMP(), 'admin', CURRENT_TIMESTAMP(), '10972',
        '10972 Администрирование роли Web-сервер (IIS) в Windows Server'),
       (7, 'admin', CURRENT_TIMESTAMP(), 'admin', CURRENT_TIMESTAMP(), 'очная CCNA', 'Очная академия CCNA'),
       (8, 'admin', CURRENT_TIMESTAMP(), 'admin', CURRENT_TIMESTAMP(), 'дел.англ.', 'Деловой английский'),
       (9, 'admin', CURRENT_TIMESTAMP(), 'admin', CURRENT_TIMESTAMP(), 'экзTOEFL',
        'Курс подготовки к экзамену TOEFL'),
       (10, 'admin', CURRENT_TIMESTAMP(), 'admin', CURRENT_TIMESTAMP(), 'основы БА', 'Основы бизнес-анализа');
insert into teacher(id, created_by, created_date, last_modified_by, last_modified_date, lastname, firstname,
                    patronymic,
                    typeOfEmployment, color)
values (1, 'admin', CURRENT_TIMESTAMP(), 'admin', CURRENT_TIMESTAMP(), 'Сачок', 'Георгий', 'Александрович', 'STAFF',
        '#757dff'),
       (2, 'admin', CURRENT_TIMESTAMP(), 'admin', CURRENT_TIMESTAMP(), 'Пилинога', 'Михаил', 'Михайлович', 'STAFF',
        '#ff8e8e'),
       (3, 'admin', CURRENT_TIMESTAMP(), 'admin', CURRENT_TIMESTAMP(), 'Дюбков', 'Владимир', 'Константинович',
        'INTERNAL', '#78fd7a'),
       (4, 'admin', CURRENT_TIMESTAMP(), 'admin', CURRENT_TIMESTAMP(), 'Агашков', 'Виталий', 'Владимирович',
        'EXTERNAL', '#edf94b'),
       (5, 'admin', CURRENT_TIMESTAMP(), 'admin', CURRENT_TIMESTAMP(), 'Третьяк', 'Евгений', 'Михайлович',
        'CONTRACT', '#51efe2'),
       (6, 'admin', CURRENT_TIMESTAMP(), 'admin', CURRENT_TIMESTAMP(), 'Белько', 'Елена', 'Владимировна',
        'CONTRACT', '#aa5bf9'),
       (7, 'admin', CURRENT_TIMESTAMP(), 'admin', CURRENT_TIMESTAMP(), 'Бараева', 'Инна', 'Ивановна', 'CONTRACT',
        '#f581bd'),
       (8, 'admin', CURRENT_TIMESTAMP(), 'admin', CURRENT_TIMESTAMP(), 'Каретко', 'Н', 'Н', 'CONTRACT', '#45f156'),
       (9, 'admin', CURRENT_TIMESTAMP(), 'admin', CURRENT_TIMESTAMP(), 'Меркушов', 'А', 'А', 'CONTRACT', '#f9543c'),
       (10, 'admin', CURRENT_TIMESTAMP(), 'admin', CURRENT_TIMESTAMP(), 'Наумович', 'И', 'Р', 'CONTRACT', '#f7b064'),
       (11, 'admin', CURRENT_TIMESTAMP(), 'admin', CURRENT_TIMESTAMP(), 'Салапура', 'Марина', 'Николаевна',
        'CONTRACT', '#e242b0'),
       (12, 'admin', CURRENT_TIMESTAMP(), 'admin', CURRENT_TIMESTAMP(), 'Сторожев', 'Дмитрий', 'Алексеевич',
        'CONTRACT', '#5281bc');
insert into teacher_discipline (teacher_id, discipline_id)
values (1, 1),
       (2, 2),
       (2, 3),
       (3, 4),
       (3, 5),
       (4, 6),
       (4, 7),
       (5, 8),
       (6, 9),
       (7, 10),
       (9, 3);
insert into classroom(id, created_by, created_date, last_modified_by, last_modified_date, number,
                      typeOfClassroom, color)
VALUES (1, 'admin', CURRENT_TIMESTAMP(), 'admin', CURRENT_TIMESTAMP(), '303', 'LABORATORY', '#f56262'),
       (2, 'admin', CURRENT_TIMESTAMP(), 'admin', CURRENT_TIMESTAMP(), '305', 'LABORATORY', '#ecef63'),
       (3, 'admin', CURRENT_TIMESTAMP(), 'admin', CURRENT_TIMESTAMP(), '307', 'LABORATORY', '#91f784'),
       (4, 'admin', CURRENT_TIMESTAMP(), 'admin', CURRENT_TIMESTAMP(), '309', 'LABORATORY', '#f796bb'),
       (5, 'admin', CURRENT_TIMESTAMP(), 'admin', CURRENT_TIMESTAMP(), '311', 'LECTURE', '#ffc358'),
       (6, 'admin', CURRENT_TIMESTAMP(), 'admin', CURRENT_TIMESTAMP(), '317', 'LECTURE', '#9fffff'),
       (7, 'admin', CURRENT_TIMESTAMP(), 'admin', CURRENT_TIMESTAMP(), '322', 'LECTURE', '#c672f7');
insert into department(id, created_by, created_date, last_modified_by, last_modified_date, short_dep_name,
                       dep_name)
VALUES (1, 'admin', CURRENT_TIMESTAMP(), 'admin', CURRENT_TIMESTAMP(), 'ИТиБА',
        'кафедра ИТ и бизнес-администрирования'),
       (2, 'admin', CURRENT_TIMESTAMP(), 'admin', CURRENT_TIMESTAMP(), 'ЦИИЯ', 'центр изучения иностранных языков'),
       (3, 'admin', CURRENT_TIMESTAMP(), 'admin', CURRENT_TIMESTAMP(), 'УМО', 'учебно-методический отдел');
insert into descriptionofplan(id, created_by, created_date, last_modified_by, last_modified_date, description,
                              typeOfCourse)
VALUES (1, 'admin', CURRENT_TIMESTAMP(), 'admin', CURRENT_TIMESTAMP(), 'ППОИС-1.18', 'RETRAINING'),
       (2, 'admin', CURRENT_TIMESTAMP(), 'admin', CURRENT_TIMESTAMP(), 'ППОИС-1.19', 'STAFF_DEVELOPMENT'),
       (3, 'admin', CURRENT_TIMESTAMP(), 'admin', CURRENT_TIMESTAMP(), '10972', 'TRAINING_COURSES'),
       (4, 'admin', CURRENT_TIMESTAMP(), 'admin', CURRENT_TIMESTAMP(), 'очная CCNA', 'TRAINING_COURSES'),
       (5, 'admin', CURRENT_TIMESTAMP(), 'admin', CURRENT_TIMESTAMP(), 'дел.англ.', 'TRAINING_COURSES'),
       (6, 'admin', CURRENT_TIMESTAMP(), 'admin', CURRENT_TIMESTAMP(), 'экзTOEFL', 'STAFF_DEVELOPMENT'),
       (7, 'admin', CURRENT_TIMESTAMP(), 'admin', CURRENT_TIMESTAMP(), 'основы БА', 'STAFF_DEVELOPMENT');

insert into lessonplan(id, created_by, created_date, last_modified_by, last_modified_date, num_hours,
                       typeOfWork, descriptionOfPlan_id, discipline_id, teacher_id)
VALUES (1, 'admin', CURRENT_TIMESTAMP(), 'admin', CURRENT_TIMESTAMP(), 4, 'LECTURE', 1, 1, 1),
       (2, 'admin', CURRENT_TIMESTAMP(), 'admin', CURRENT_TIMESTAMP(), 10, 'LABORATORY', 1, 1, 2),
       (3, 'admin', CURRENT_TIMESTAMP(), 'admin', CURRENT_TIMESTAMP(), 0, 'WEBINAR', 1, 1, 3),
       (4, 'admin', CURRENT_TIMESTAMP(), 'admin', CURRENT_TIMESTAMP(), 4, 'LECTURE', 1, 2, 4),
       (5, 'admin', CURRENT_TIMESTAMP(), 'admin', CURRENT_TIMESTAMP(), 40, 'LABORATORY', 1, 2, 2),
       (6, 'admin', CURRENT_TIMESTAMP(), 'admin', CURRENT_TIMESTAMP(), 16, 'WEBINAR', 1, 2, 6),
       (7, 'admin', CURRENT_TIMESTAMP(), 'admin', CURRENT_TIMESTAMP(), 8, 'LECTURE', 1, 3, 1),
       (8, 'admin', CURRENT_TIMESTAMP(), 'admin', CURRENT_TIMESTAMP(), 48, 'LABORATORY', 1, 3, 4),
       (9, 'admin', CURRENT_TIMESTAMP(), 'admin', CURRENT_TIMESTAMP(), 20, 'WEBINAR', 1, 3, 6),
       (10, 'admin', CURRENT_TIMESTAMP(), 'admin', CURRENT_TIMESTAMP(), 4, 'LECTURE', 1, 4, 7),
       (11, 'admin', CURRENT_TIMESTAMP(), 'admin', CURRENT_TIMESTAMP(), 24, 'LABORATORY', 1, 4, 8),
       (12, 'admin', CURRENT_TIMESTAMP(), 'admin', CURRENT_TIMESTAMP(), 8, 'WEBINAR', 1, 4, 9),
       (13, 'admin', CURRENT_TIMESTAMP(), 'admin', CURRENT_TIMESTAMP(), 2, 'LECTURE', 1, 5, 10),
       (14, 'admin', CURRENT_TIMESTAMP(), 'admin', CURRENT_TIMESTAMP(), 46, 'LABORATORY', 1, 5, 2);

insert into group_educ(id, created_by, created_date, last_modified_by, last_modified_date, group_name,
                       num_subgroup, typeOfEducation, descriptionOfPlan_id, color)
VALUES (1, 'admin', CURRENT_TIMESTAMP(), 'admin', CURRENT_TIMESTAMP(), 'ПП/1.18', 2, 'EXTRAMURAL_STUDIES', 1,
        '#f5fe7b'),
       (2, 'admin', CURRENT_TIMESTAMP(), 'admin', CURRENT_TIMESTAMP(), 'ПП/1.19', 1, 'EXTRAMURAL_STUDIES', 2,
        '#75f793'),
       (3, 'admin', CURRENT_TIMESTAMP(), 'admin', CURRENT_TIMESTAMP(), 'MS/20.19', 1, 'FULL_TIME_EDUCATION', 3,
        '#e491f9'),
       (4, 'admin', CURRENT_TIMESTAMP(), 'admin', CURRENT_TIMESTAMP(), 'CIS/5.19', 1, 'FULL_TIME_EVENING_EDUCATION',
        4, '#93beff'),
       (5, 'admin', CURRENT_TIMESTAMP(), 'admin', CURRENT_TIMESTAMP(), 'ДА/8.19', 1, 'FULL_TIME_EVENING_EDUCATION',
        5, '#ffa282'),
       (6, 'admin', CURRENT_TIMESTAMP(), 'admin', CURRENT_TIMESTAMP(), 'TOEFL/6.19', 1,
        'FULL_TIME_EVENING_EDUCATION', 6, '#f96767'),
       (7, 'admin', CURRENT_TIMESTAMP(), 'admin', CURRENT_TIMESTAMP(), 'БА/4.19', 1, 'FULL_TIME_EDUCATION', 7,
        '#b4efff');

insert into num_persons(id, created_by, created_date, last_modified_by, last_modified_date, date, quantity, subgroup,
                        group_id)
VALUES (1, 'admin', CURRENT_TIMESTAMP(), 'admin', CURRENT_TIMESTAMP(), '2020-10-01', 18, 1, 1),
       (2, 'admin', CURRENT_TIMESTAMP(), 'admin', CURRENT_TIMESTAMP(), '2020-10-01', 9, 2, 1),
       (3, 'admin', CURRENT_TIMESTAMP(), 'admin', CURRENT_TIMESTAMP(), '2020-10-01', 10, 1, 2),
       (4, 'admin', CURRENT_TIMESTAMP(), 'admin', CURRENT_TIMESTAMP(), '2020-10-01', 2, 1, 3),
       (5, 'admin', CURRENT_TIMESTAMP(), 'admin', CURRENT_TIMESTAMP(), '2020-10-01', 20, 1, 4),
       (6, 'admin', CURRENT_TIMESTAMP(), 'admin', CURRENT_TIMESTAMP(), '2020-10-01', 4, 1, 5),
       (7, 'admin', CURRENT_TIMESTAMP(), 'admin', CURRENT_TIMESTAMP(), '2020-10-01', 18, 1, 6),
       (8, 'admin', CURRENT_TIMESTAMP(), 'admin', CURRENT_TIMESTAMP(), '2020-10-01', 14, 1, 7),
       (9, 'admin', CURRENT_TIMESTAMP(), 'admin', CURRENT_TIMESTAMP(), '2020-10-11', 16, 1, 1);


insert into employee(id, created_by, created_date, last_modified_by, last_modified_date,
                     lastname, firstname, patronymic, startDate, endDate, typeOfPosition, department_id)
VALUES (1, 'admin', CURRENT_TIMESTAMP(), 'admin', CURRENT_TIMESTAMP(), 'Дюбков', 'Владимир', 'Константинович',
        '2000-01-01', null, 'RECTOR', null),
       (2, 'admin', CURRENT_TIMESTAMP(), 'admin', CURRENT_TIMESTAMP(), 'Сачок', 'Георгий', 'Александрович',
        '2012-12-23', null, 'HEAD_OF_DEPARTMENT', 1),
       (3, 'admin', CURRENT_TIMESTAMP(), 'admin', CURRENT_TIMESTAMP(), 'Белько', 'Елена', 'Владимировна',
        '2014-06-27', null, 'HEAD_OF_CENTER', 2),
       (4, 'admin', CURRENT_TIMESTAMP(), 'admin', CURRENT_TIMESTAMP(), 'Волкова', 'Людмила', 'Анатольевна',
        '2015-03-01', null, 'CHIEF_OF_DEPARTMENT', 3);

insert into addwork(id, created_by, created_date, last_modified_by, last_modified_date,
                    date, hour, typeOfAddWork, group_id, teacher_id)
VALUES (1, 'admin', CURRENT_TIMESTAMP(), 'admin', CURRENT_TIMESTAMP(), '2020-11-01', 10,
        'CONSULTATION', 1, 1),
       (2, 'admin', CURRENT_TIMESTAMP(), 'admin', CURRENT_TIMESTAMP(), '2020-11-01', 5,
        'PEERREVIEW', 1, 2),
       (3, 'admin', CURRENT_TIMESTAMP(), 'admin', CURRENT_TIMESTAMP(), '2020-11-01', 18,
        'THESIS', 1, 4),
       (4, 'admin', CURRENT_TIMESTAMP(), 'admin', CURRENT_TIMESTAMP(), '2020-11-01', 15,
        'SEC', 1, 3),
       (5, 'admin', CURRENT_TIMESTAMP(), 'admin', CURRENT_TIMESTAMP(), '2020-11-01', 8,
        'OTHER', 1, 7),
       (6, 'admin', CURRENT_TIMESTAMP(), 'admin', CURRENT_TIMESTAMP(), '2020-11-01', 10,
        'CONSULTATION', 2, 6),
       (7, 'admin', CURRENT_TIMESTAMP(), 'admin', CURRENT_TIMESTAMP(), '2020-11-01', 5,
        'PEERREVIEW', 2, 7),
       (8, 'admin', CURRENT_TIMESTAMP(), 'admin', CURRENT_TIMESTAMP(), '2020-11-01', 18,
        'THESIS', 2, 4),
       (9, 'admin', CURRENT_TIMESTAMP(), 'admin', CURRENT_TIMESTAMP(), '2020-11-01', 15,
        'SEC', 2, 1),
       (10, 'admin', CURRENT_TIMESTAMP(), 'admin', CURRENT_TIMESTAMP(), '2020-11-01', 8,
        'OTHER', 2, 5),
       (11, 'admin', CURRENT_TIMESTAMP(), 'admin', CURRENT_TIMESTAMP(), '2020-11-01', 10,
        'CONSULTATION', 3, 3),
       (12, 'admin', CURRENT_TIMESTAMP(), 'admin', CURRENT_TIMESTAMP(), '2020-11-01', 5,
        'PEERREVIEW', 3, 3),
       (13, 'admin', CURRENT_TIMESTAMP(), 'admin', CURRENT_TIMESTAMP(), '2020-11-01', 18,
        'THESIS', 3, 9),
       (14, 'admin', CURRENT_TIMESTAMP(), 'admin', CURRENT_TIMESTAMP(), '2020-11-01', 15,
        'SEC', 3, 7),
       (15, 'admin', CURRENT_TIMESTAMP(), 'admin', CURRENT_TIMESTAMP(), '2020-11-01', 8,
        'OTHER', 3, 8),
       (16, 'admin', CURRENT_TIMESTAMP(), 'admin', CURRENT_TIMESTAMP(), '2020-11-01', 10,
        'CONSULTATION', 4, 1),
       (17, 'admin', CURRENT_TIMESTAMP(), 'admin', CURRENT_TIMESTAMP(), '2020-11-01', 5,
        'PEERREVIEW', 4, 2),
       (18, 'admin', CURRENT_TIMESTAMP(), 'admin', CURRENT_TIMESTAMP(), '2020-11-01', 18,
        'THESIS', 4, 6),
       (19, 'admin', CURRENT_TIMESTAMP(), 'admin', CURRENT_TIMESTAMP(), '2020-11-01', 15,
        'SEC', 4, 5),
       (20, 'admin', CURRENT_TIMESTAMP(), 'admin', CURRENT_TIMESTAMP(), '2020-11-01', 8,
        'OTHER', 4, 3)
;

insert into timetable(id, created_by, created_date, last_modified_by, last_modified_date,
                      classDate, beginTime, finishTime, status, reserved, subgroup,
                      typeOfWork,
                      classroom_id, discipline_id, group_id, teacher_id)
VALUES (1, 'admin', CURRENT_TIMESTAMP(), 'admin', CURRENT_TIMESTAMP(), '2020-11-11', '09:10:00', '09:55:00',
        true, false, 1, 'LECTURE', 5, 1, 1, 1),
       (2, 'admin', CURRENT_TIMESTAMP(), 'admin', CURRENT_TIMESTAMP(), '2020-11-11', '10:10:00', '10:55:00',
        false, false, 1, 'LABORATORY', 1, 2, 1, 2),
       (3, 'admin', CURRENT_TIMESTAMP(), 'admin', CURRENT_TIMESTAMP(), '2020-11-11', '11:10:00', '11:55:00',
        false, false, 1, 'LECTURE', 1, 3, 4, 4),
       (4, 'admin', CURRENT_TIMESTAMP(), 'admin', CURRENT_TIMESTAMP(), '2020-11-12', '12:10:00', '12:55:00',
        true, false, 1, 'LABORATORY', 1, 4, 3, 3),
       (5, 'admin', CURRENT_TIMESTAMP(), 'admin', CURRENT_TIMESTAMP(), '2020-11-14', '13:10:00', '13:55:00',
        false, false, 1, 'LABORATORY', 1, 5, 5, 5),
       (6, 'admin', CURRENT_TIMESTAMP(), 'admin', CURRENT_TIMESTAMP(), '2020-11-15', '14:10:00', '14:55:00',
        true, false, 1, 'LABORATORY', 1, 6, 2, 4),
       (7, 'admin', CURRENT_TIMESTAMP(), 'admin', CURRENT_TIMESTAMP(), '2020-11-15', '13:10:00', '13:55:00',
        true, false, 1, 'LECTURE', 1, 1, 1, 6),
       (8, 'admin', CURRENT_TIMESTAMP(), 'admin', CURRENT_TIMESTAMP(), '2020-11-25', '14:20:00', '15:05:00',
        false, false, 1, 'LABORATORY', 2, 2, 1, 7),
       (9, 'admin', CURRENT_TIMESTAMP(), 'admin', CURRENT_TIMESTAMP(), '2020-11-25', '16:00:00', '16:45:00',
        false, false, 1, 'LECTURE', 3, 3, 1, 8),
       (10, 'admin', CURRENT_TIMESTAMP(), 'admin', CURRENT_TIMESTAMP(), '2020-11-29', '16:30:00', '17:15:00',
        true, false, 1, 'LABORATORY', 2, 4, 1, 9),
       (11, 'admin', CURRENT_TIMESTAMP(), 'admin', CURRENT_TIMESTAMP(), '2020-11-26', '17:10:00', '17:55:00',
        false, false, 1, 'LECTURE', 2, 5, 1, 10),
       (12, 'admin', CURRENT_TIMESTAMP(), 'admin', CURRENT_TIMESTAMP(), '2020-11-27', '18:10:00', '18:55:00',
        true, false, 1, 'LABORATORY', 5, 6, 1, 11),
       (13, 'admin', CURRENT_TIMESTAMP(), 'admin', CURRENT_TIMESTAMP(), '2020-11-15', '19:10:00', '19:55:00',
        false, false, 1, 'LECTURE', 6, 7, 1, 2),
       (14, 'admin', CURRENT_TIMESTAMP(), 'admin', CURRENT_TIMESTAMP(), '2020-11-28', '15:10:00', '15:55:00',
        false, false, 1, 'LECTURE', 4, 1, 1, 3),
       (15, 'admin', CURRENT_TIMESTAMP(), 'admin', CURRENT_TIMESTAMP(), '2020-11-08', '15:10:00', '15:55:00',
        false, false, 1, 'LABORATORY', 2, 2, 1, 4),
       (16, 'admin', CURRENT_TIMESTAMP(), 'admin', CURRENT_TIMESTAMP(), '2020-11-26', '12:10:00', '12:55:00',
        false, false, 1, 'LECTURE', 6, 3, 1, 5),
       (17, 'admin', CURRENT_TIMESTAMP(), 'admin', CURRENT_TIMESTAMP(), '2020-11-27', '10:10:00', '10:55:00',
        true, false, 1, 'LABORATORY', 7, 4, 1, 6),
       (18, 'admin', CURRENT_TIMESTAMP(), 'admin', CURRENT_TIMESTAMP(), '2020-11-27', '15:10:00', '15:55:00',
        false, false, 1, 'LABORATORY', 4, 5, 1, 3),
       (19, 'admin', CURRENT_TIMESTAMP(), 'admin', CURRENT_TIMESTAMP(), '2020-11-19', '15:10:00', '15:55:00',
        false, false, 1, 'LECTURE', 2, 6, 1, 4),
       (20, 'admin', CURRENT_TIMESTAMP(), 'admin', CURRENT_TIMESTAMP(), '2020-11-18', '12:10:00', '12:55:00',
        true, false, 1, 'LABORATORY', 6, 5, 1, 5),
       (21, 'admin', CURRENT_TIMESTAMP(), 'admin', CURRENT_TIMESTAMP(), '2020-11-13', '09:10:00', '09:55:00',
        false, false, 1, 'LABORATORY', 1, 1, 1, 1),
       (22, 'admin', CURRENT_TIMESTAMP(), 'admin', CURRENT_TIMESTAMP(), '2020-11-24', '10:10:00', '10:55:00',
        true, false, 1, 'LABORATORY', 1, 1, 1, 2),
       (23, 'admin', CURRENT_TIMESTAMP(), 'admin', CURRENT_TIMESTAMP(), '2020-11-25', '11:10:00', '11:55:00',
        false, false, 1, 'LECTURE', 1, 1, 4, 4),
       (24, 'admin', CURRENT_TIMESTAMP(), 'admin', CURRENT_TIMESTAMP(), '2020-11-19', '12:10:00', '12:55:00',
        false, false, 1, 'LABORATORY', 1, 1, 3, 3),
       (25, 'admin', CURRENT_TIMESTAMP(), 'admin', CURRENT_TIMESTAMP(), '2020-11-26', '13:10:00', '13:55:00',
        false, false, 1, 'LABORATORY', 1, 1, 5, 5),
       (26, 'admin', CURRENT_TIMESTAMP(), 'admin', CURRENT_TIMESTAMP(), '2020-11-19', '14:10:00', '14:55:00',
        true, false, 1, 'LABORATORY', 1, 1, 2, 4),
       (27, 'admin', CURRENT_TIMESTAMP(), 'admin', CURRENT_TIMESTAMP(), '2020-11-29', '13:10:00', '13:55:00',
        false, false, 1, 'LABORATORY', 1, 1, 1, 6),
       (28, 'admin', CURRENT_TIMESTAMP(), 'admin', CURRENT_TIMESTAMP(), '2020-11-27', '14:20:00', '15:05:00',
        true, false, 1, 'LECTURE', 2, 1, 1, 7),
       (29, 'admin', CURRENT_TIMESTAMP(), 'admin', CURRENT_TIMESTAMP(), '2020-11-04', '15:40:00', '16:25:00',
        false, false, 1, 'LABORATORY', 2, 1, 1, 8),
       (30, 'admin', CURRENT_TIMESTAMP(), 'admin', CURRENT_TIMESTAMP(), '2020-11-06', '16:30:00', '17:15:00',
        false, false, 1, 'LABORATORY', 2, 1, 1, 9),
       (31, 'admin', CURRENT_TIMESTAMP(), 'admin', CURRENT_TIMESTAMP(), '2020-11-25', '17:10:00', '17:55:00',
        false, false, 1, 'LABORATORY', 2, 1, 1, 10),
       (32, 'admin', CURRENT_TIMESTAMP(), 'admin', CURRENT_TIMESTAMP(), '2020-11-25', '18:10:00', '18:55:00',
        true, false, 1, 'LABORATORY', 5, 1, 1, 11),
       (33, 'admin', CURRENT_TIMESTAMP(), 'admin', CURRENT_TIMESTAMP(), '2020-11-23', '19:10:00', '19:55:00',
        false, false, 1, 'LECTURE', 6, 1, 1, 2),
       (34, 'admin', CURRENT_TIMESTAMP(), 'admin', CURRENT_TIMESTAMP(), '2020-11-16', '15:10:00', '15:55:00',
        false, false, 1, 'LABORATORY', 4, 1, 1, 3),
       (35, 'admin', CURRENT_TIMESTAMP(), 'admin', CURRENT_TIMESTAMP(), '2020-11-29', '15:10:00', '15:55:00',
        true, false, 1, 'LABORATORY', 2, 1, 1, 4),
       (36, 'admin', CURRENT_TIMESTAMP(), 'admin', CURRENT_TIMESTAMP(), '2020-11-23', '12:10:00', '12:55:00',
        false, false, 1, 'LABORATORY', 6, 1, 1, 5),
       (37, 'admin', CURRENT_TIMESTAMP(), 'admin', CURRENT_TIMESTAMP(), '2020-11-14', '10:10:00', '10:55:00',
        false, false, 1, 'LABORATORY', 7, 1, 1, 6),
       (38, 'admin', CURRENT_TIMESTAMP(), 'admin', CURRENT_TIMESTAMP(), '2020-11-25', '15:10:00', '15:55:00',
        true, false, 1, 'LECTURE', 4, 1, 1, 3),
       (39, 'admin', CURRENT_TIMESTAMP(), 'admin', CURRENT_TIMESTAMP(), '2020-11-10', '15:10:00', '15:55:00',
        false, false, 1, 'LABORATORY', 2, 1, 1, 4),
       (40, 'admin', CURRENT_TIMESTAMP(), 'admin', CURRENT_TIMESTAMP(), '2020-11-17', '12:10:00', '12:55:00',
        false, false, 1, 'LABORATORY', 6, 1, 1, 5),
       (41, 'admin', CURRENT_TIMESTAMP(), 'admin', CURRENT_TIMESTAMP(), '2020-11-26', '14:20:00', '15:05:00',
        true, false, 1, 'LECTURE', 2, 1, 1, 7),
       (42, 'admin', CURRENT_TIMESTAMP(), 'admin', CURRENT_TIMESTAMP(), '2020-11-05', '15:40:00', '16:25:00',
        false, false, 1, 'LABORATORY', 2, 1, 1, 8),
       (43, 'admin', CURRENT_TIMESTAMP(), 'admin', CURRENT_TIMESTAMP(), '2020-11-05', '16:30:00', '17:15:00',
        false, false, 1, 'LABORATORY', 2, 1, 1, 9),
       (44, 'admin', CURRENT_TIMESTAMP(), 'admin', CURRENT_TIMESTAMP(), '2020-11-23', '17:10:00', '17:55:00',
        true, false, 1, 'LECTURE', 2, 1, 1, 10),
       (45, 'admin', CURRENT_TIMESTAMP(), 'admin', CURRENT_TIMESTAMP(), '2020-11-16', '18:10:00', '18:55:00',
        false, false, 1, 'LABORATORY', 5, 1, 1, 11),
       (46, 'admin', CURRENT_TIMESTAMP(), 'admin', CURRENT_TIMESTAMP(), '2020-11-28', '19:10:00', '19:55:00',
        true, false, 1, 'LABORATORY', 6, 1, 1, 2),
       (47, 'admin', CURRENT_TIMESTAMP(), 'admin', CURRENT_TIMESTAMP(), '2020-11-09', '15:10:00', '15:55:00',
        false, false, 1, 'LABORATORY', 4, 1, 1, 3),
       (48, 'admin', CURRENT_TIMESTAMP(), 'admin', CURRENT_TIMESTAMP(), '2020-11-27', '16:10:00', '16:55:00',
        false, false, 1, 'LECTURE', 2, 7, 1, 4),
       (49, 'admin', CURRENT_TIMESTAMP(), 'admin', CURRENT_TIMESTAMP(), '2020-11-24', '12:10:00', '12:55:00',
        false, false, 1, 'LABORATORY', 6, 3, 1, 5),
       (50, 'admin', CURRENT_TIMESTAMP(), 'admin', CURRENT_TIMESTAMP(), '2020-11-25', '13:10:00', '13:55:00',
        true, false, 1, 'LABORATORY', 1, 2, 1, 6),
       (51, 'admin', CURRENT_TIMESTAMP(), 'admin', CURRENT_TIMESTAMP(), '2020-11-28', '14:20:00', '15:05:00',
        false, false, 1, 'LECTURE', 2, 1, 2, 7),
       (52, 'admin', CURRENT_TIMESTAMP(), 'admin', CURRENT_TIMESTAMP(), '2020-11-03', '15:40:00', '16:25:00',
        false, false, 1, 'LABORATORY', 2, 1, 1, 8),
       (53, 'admin', CURRENT_TIMESTAMP(), 'admin', CURRENT_TIMESTAMP(), '2020-11-26', '15:30:00', '16:15:00',
        true, false, 1, 'LABORATORY', 2, 1, 1, 9),
       (54, 'admin', CURRENT_TIMESTAMP(), 'admin', CURRENT_TIMESTAMP(), '2020-11-24', '17:10:00', '17:55:00',
        false, false, 1, 'LABORATORY', 2, 9, 1, 10),
       (55, 'admin', CURRENT_TIMESTAMP(), 'admin', CURRENT_TIMESTAMP(), '2020-11-23', '18:10:00', '18:55:00',
        false, false, 1, 'LECTURE', 5, 1, 1, 11),
       (56, 'admin', CURRENT_TIMESTAMP(), 'admin', CURRENT_TIMESTAMP(), '2020-11-23', '15:10:00', '15:55:00',
        true, false, 1, 'EXAM', 6, 2, 1, 2),
       (57, 'admin', CURRENT_TIMESTAMP(), 'admin', CURRENT_TIMESTAMP(), '2020-11-01', '15:10:00', '15:55:00',
        false, false, 1, 'EXAM', 4, 3, 1, 3),
       (58, 'admin', CURRENT_TIMESTAMP(), 'admin', CURRENT_TIMESTAMP(), '2020-11-18', '15:10:00', '15:55:00',
        true, false, 1, 'TEST', 2, 1, 1, 4),
       (59, 'admin', CURRENT_TIMESTAMP(), 'admin', CURRENT_TIMESTAMP(), '2020-11-29', '12:10:00', '12:55:00',
        false, false, 1, 'TEST', 6, 6, 1, 5),
       (60, 'admin', CURRENT_TIMESTAMP(), 'admin', CURRENT_TIMESTAMP(), '2020-11-28', '10:10:00', '10:55:00',
        true, false, 1, 'LABORATORY', 7, 5, 1, 6);
insert into roles(id, created_by, created_date, last_modified_by, last_modified_date, name)
VALUES (1, 'admin', CURRENT_TIMESTAMP(), 'admin', CURRENT_TIMESTAMP(), 'ROLE_ADMIN'),
       (2, 'admin', CURRENT_TIMESTAMP(), 'admin', CURRENT_TIMESTAMP(), 'ROLE_MANAGER'),
       (3, 'admin', CURRENT_TIMESTAMP(), 'admin', CURRENT_TIMESTAMP(), 'ROLE_USER'),
       (4, 'admin', CURRENT_TIMESTAMP(), 'admin', CURRENT_TIMESTAMP(), 'ROLE_VIEW'),
       (5, 'admin', CURRENT_TIMESTAMP(), 'admin', CURRENT_TIMESTAMP(), 'ROLE_GROUP');
insert into users(id, created_by, created_date, last_modified_by, last_modified_date, email, firstname,
                  lastname, patronymic, status, username, password)
VALUES (1, 'admin', CURRENT_TIMESTAMP(), 'admin', CURRENT_TIMESTAMP(), 'admin@tut.by', 'Администратор', 'Администратор',
        'Администратор', 'ACTIVE',
        'admin', '$2a$04$EZzbSqieYfe/nFWfBWt2KeCdyq0UuDEM1ycFF8HzmlVR6sbsOnw7u'),
       (2, 'admin', CURRENT_TIMESTAMP(), 'admin', CURRENT_TIMESTAMP(), 'manager@tut.by', 'Менеджер', 'Менеджер',
        'Менеджер', 'ACTIVE',
        'manager', '$2a$10$RJudgYGRSHpZMRA5g5VDB.wV/bWTHFGNqHwnjV33PLuf7Nfyk9gQS'),
       (3, 'admin', CURRENT_TIMESTAMP(), 'admin', CURRENT_TIMESTAMP(), 'user@tut.by', 'Преподаватель', 'Преподаватель',
        'Преподаватель', 'ACTIVE',
        'user', '$2a$10$yrRSirUPMPPSSoVgBof1/OUS1srdWf8qcYJgo.nhCxAkK/XsUTDgW'),
       (4, 'admin', CURRENT_TIMESTAMP(), 'admin', CURRENT_TIMESTAMP(), 'view@tut.by', 'Наблюдатель', 'Наблюдатель',
        'Наблюдатель', 'ACTIVE',
        'view', '$2a$10$vXZT3knYdlsb6GTlqXYl7epevFxrkMduvkt3CckNqdUZ34RzRDM4a'),
       (5, 'admin', CURRENT_TIMESTAMP(), 'admin', CURRENT_TIMESTAMP(), 'group@tut.by', 'Группа', 'Группа',
        'Группа', 'ACTIVE',
        'group', '$2a$10$MpQNckbd8y9b4WEt.Wc/IOEmbHhHg3fc7yg9Fs2Im9X45xHalodpy');
insert into user_roles(user_id, role_id)
VALUES (1, 1),
       (2, 2),
       (3, 3),
       (4, 4),
       (5, 5);









